https://baike.baidu.com/item/%E6%9B%B9%E6%93%8D/6772,著作,https://baike.baidu.com/item/%E8%A7%82%E6%B2%A7%E6%B5%B7/1907220
https://baike.baidu.com/item/%E6%9B%B9%E6%93%8D/6772,著作,https://baike.baidu.com/item/%E8%A7%82%E6%B2%A7%E6%B5%B7/1907220
https://baike.baidu.com/item/%E6%9B%B9%E6%93%8D/6772,著作,https://baike.baidu.com/item/%E9%BE%9F%E8%99%BD%E5%AF%BF/2356846
https://baike.baidu.com/item/%E6%9B%B9%E6%93%8D/6772,著作,https://baike.baidu.com/item/%E8%AE%A9%E5%8E%BF%E8%87%AA%E6%98%8E%E6%9C%AC%E5%BF%97%E4%BB%A4/890268
https://baike.baidu.com/item/%E6%9B%B9%E6%93%8D/6772,著作,https://baike.baidu.com/item/%E8%92%BF%E9%87%8C%E8%A1%8C/2356432
https://baike.baidu.com/item/%E6%9B%B9%E6%93%8D/6772,著作,https://baike.baidu.com/item/%E5%AD%9F%E5%BE%B7%E6%96%B0%E4%B9%A6/1056935
https://baike.baidu.com/item/%E6%9B%B9%E4%B8%95/5980,著作,https://baike.baidu.com/item/%E5%85%B8%E8%AE%BA/3554176
https://baike.baidu.com/item/%E6%9B%B9%E4%B8%95/5980,著作,https://baike.baidu.com/item/%E7%87%95%E6%AD%8C%E8%A1%8C/1113
https://baike.baidu.com/item/%E6%9B%B9%E4%B8%95/5980,著作,https://baike.baidu.com/item/%E5%AF%A1%E5%A6%87%E8%AF%97/10951055
https://baike.baidu.com/item/%E9%92%9F%E7%B9%87/5865,著作,https://baike.baidu.com/item/%E8%B4%BA%E6%8D%B7%E8%A1%A8/9938036
https://baike.baidu.com/item/%E9%92%9F%E7%B9%87/5865,著作,https://baike.baidu.com/item/%E5%AE%A3%E7%A4%BA%E8%A1%A8/9938021
https://baike.baidu.com/item/%E9%92%9F%E7%B9%87/5865,著作,https://baike.baidu.com/item/%E8%8D%90%E5%AD%A3%E7%9B%B4%E8%A1%A8/9937963
https://baike.baidu.com/item/%E6%9D%A8%E4%BF%AE/8088,著作,https://baike.baidu.com/item/%E7%AD%94%E4%B8%B4%E6%B7%84%E4%BE%AF%E7%AC%BA/13881700
https://baike.baidu.com/item/%E6%9D%A8%E4%BF%AE/8088,著作,https://baike.baidu.com/item/%E3%80%8A%E8%8A%82%E6%B8%B8%E8%B5%8B%E3%80%8B/23640541
https://baike.baidu.com/item/%E6%9D%A8%E4%BF%AE/8088,著作,https://baike.baidu.com/item/%E7%A5%9E%E5%A5%B3%E8%B5%8B/22837558
https://baike.baidu.com/item/%E9%99%88%E7%90%B3/6280,著作,https://baike.baidu.com/item/%E4%B8%BA%E8%A2%81%E7%BB%8D%E6%AA%84%E8%B1%AB%E5%B7%9E/4151893
https://baike.baidu.com/item/%E9%99%88%E7%90%B3/6280,著作,https://baike.baidu.com/item/%E9%A5%AE%E9%A9%AC%E9%95%BF%E5%9F%8E%E7%AA%9F%E8%A1%8C/14085
https://baike.baidu.com/item/%E9%99%88%E7%90%B3/6280,著作,https://baike.baidu.com/item/%E6%AD%A6%E5%86%9B%E8%B5%8B/7255181
https://baike.baidu.com/item/%E6%AF%8C%E4%B8%98%E4%BF%AD/978718,著作,https://baike.baidu.com/item/%E7%AD%94%E6%9D%9C%E6%8C%9A/23668488
https://baike.baidu.com/item/%E6%AF%8C%E4%B8%98%E4%BF%AD/978718,著作,https://baike.baidu.com/item/%E6%89%BF%E9%9C%B2%E7%9B%98%E8%B5%8B/4234236
https://baike.baidu.com/item/%E6%AF%8C%E4%B8%98%E4%BF%AD/978718,著作,https://baike.baidu.com/item/%E7%BD%AA%E7%8A%B6%E5%8F%B8%E9%A9%AC%E5%B8%88%E8%A1%A8/14082844
https://baike.baidu.com/item/%E8%B4%B9%E7%A5%8E/1788054,著作,https://baike.baidu.com/item/%E5%98%B2%E5%90%B4%E7%BE%A4%E8%87%A3/49802849
https://baike.baidu.com/item/%E8%AF%B8%E8%91%9B%E4%BA%AE/21048,著作,https://baike.baidu.com/item/%E5%87%BA%E5%B8%88%E8%A1%A8/82086
https://baike.baidu.com/item/%E8%AF%B8%E8%91%9B%E4%BA%AE/21048,著作,https://baike.baidu.com/item/%E5%90%8E%E5%87%BA%E5%B8%88%E8%A1%A8/6617449
https://baike.baidu.com/item/%E8%AF%B8%E8%91%9B%E4%BA%AE/21048,著作,https://baike.baidu.com/item/%E8%AF%AB%E5%AD%90%E4%B9%A6/394
https://baike.baidu.com/item/%E8%AF%B8%E8%91%9B%E4%BA%AE/21048,著作,https://baike.baidu.com/item/%E5%85%B5%E6%B3%95%E4%BA%8C%E5%8D%81%E5%9B%9B%E7%AF%87/8476997
https://baike.baidu.com/item/%E5%AD%99%E7%9A%93/3705,著作,https://baike.baidu.com/item/%E9%81%97%E7%BE%A4%E8%87%A3%E4%B9%A6/13981239
https://baike.baidu.com/item/%E9%B2%81%E8%82%83/9396,著作,https://baike.baidu.com/item/%E6%A6%BB%E4%B8%8A%E7%AD%96/2933858
https://baike.baidu.com/item/%E6%9B%B9%E5%8F%A1/2669752,著作,https://baike.baidu.com/item/%E5%96%84%E5%93%89%E8%A1%8C/15874824
https://baike.baidu.com/item/%E6%9B%B9%E5%8F%A1/2669752,著作,https://baike.baidu.com/item/%E6%A3%B9%E6%AD%8C%E8%A1%8C/34890
https://baike.baidu.com/item/%E5%8D%8E%E5%B3%A4/1297789,著作,https://baike.baidu.com/item/%E4%B8%9C%E8%A7%82%E6%B1%89%E8%AE%B0/1995208
